"HolderAddress","Balance","PendingBalanceUpdate"
"0x0016958b8998d09c0cc8f0c19f5c29bfc286ea96","223271375.192","No"
"0x00d86eaef4ff106dc7984da26e7804bbc0810235","45043.231","No"
"0x0127f7553e3d91bba38626490773a49c4b4c9e7c","1796.89410112826","No"
"0x0139c13f6f44e8e3fc768229a6ae3c5ee690c49a","10214.8112551308","No"
"0x0178217e241aa00787461cf044c69e8292c3863e","500","No"
"0x017c41a469ca172537afa701ad413967da97674b","150535.125","No"
"0x0224fc9e8171edec42c88645dacc82f50f9a72d7","4660","No"
"0x024b38dd3e19761858731a1dcddb14d9ab2f6c8d","119513.936","No"
"0x0261d48a8289f0cd2a576200344d904284c1425f","10020.0150504196","No"
"0x026f549694ccbdac252436b611b75c463ea497ec","101448.673","No"
"0x02a82e159076d01cb657d0b2a66b699e5a7d5ba9","5000.00102393437","No"
"0x02defc874c7f3cb1050efd79b882e76748f9e91a","3154.96599216404","No"
"0x032e7be65c1bc36780f1e3d506ef7a01a07793cc","14320.5839109131","No"
"0x0337349cb9fa35380428b3783e61698728c8398b","15783.7447302354","No"
"0x03989662033eb16ea5395bcc570378d0cf82b9ee","16909.332","No"
"0x04081e17b7832065582dbffa63a6af59fd37b307","13654","No"
"0x0451cc1f1c830f44a1e39e5a66ee871902ff7dad","324.312413800621","No"
"0x04611773bcd8a6748b63e963a2dfd8c3180bc9f2","105434.936","No"
"0x049b8e0e5315294ef95698e5ef657602ada4695c","2416.669","No"
"0x04b4d7230c2f1ca0d848cfe3cf2358d08bc20833","6938.892","No"
"0x050bc4d2797d43ed0068fc9a60b83a064fd8a91c","23581.8499462825","No"
"0x051134289a3d82b8df14ca28dc5073203b4035f0","53513.51831585","No"
"0x05681ff6b2a48c749e9036f7a291c6a2241e5a27","249087.15","No"
"0x05d2b89bd65d8b73a0d8ce000efa621640dfa4c8","85134.7599194159","No"
"0x0630aa53b3b77e048db040e76db6008e6c4cef29","7316.64","No"
"0x064802459a7e8d5d15ed2f7d50cba79e056e777c","199863.342","No"
"0x06903e988b832575831496854b6018d46609129f","393089.194","No"
"0x069ef2feb3113424d20cb8e44701eda9d472089b","100000","No"
"0x06bc929905dc61452c37dda34f68397ddf01bbd3","11495.2799313809","No"
"0x06bf7280c18855fc8d9817bc3e2c65afcba3e004","8450.88820635356","No"
"0x06d135bdf56b40ba3d0859997b8132f7943bb3bc","1000","No"
"0x06e385c11a6def6bc2c7323694eb8b3d12d016d9","50421.81651431","No"
"0x070c8eba534900e54d74b215d1dc54d8b05514be","12057","No"
"0x072ad9ac14e94bac95923ddbd4cb9d727f9c1c80","26900","No"
"0x074267a37ec6de7dd6fe57fa43021f96e0aae9e2","879.255","No"
"0x07ea333f47fb24ab5984a7ef958a2fc1b0ce79e7","1310784.93","No"
"0x07eb0d0364d65f9f32dd0106c1e374d05af602b8","3824567","No"
"0x084f1b825b95de6136fdbaa2b4baed3c96bca196","70200","No"
"0x09611739dfc18de0302e1911dddec5e161fbf850","1010000","No"
"0x0976a83c24b3772a9ccfe433eec94d959f76bd7d","3201571","No"
"0x09c378d50224623e747bf84618e31bc0ab713fa6","9513.936","No"
"0x0a933abb3a022263890992b29e302d9453b4bae5","502851.353361876","No"
"0x0abd4010482fbdcba99bc4467a331eb51a26fd80","22055.209","No"
"0x0bfda7aed9d996f7df0d023d7627c7cb3ac4af01","8000.00044583949","No"
"0x0d5577e427ba116666c4c2a0298e000aa347acce","2716.3776303842","No"
"0x0da2f81d73210e856d75ebf4a3c25c245ddfc15d","16946","No"
"0x0e149d52e062f5ceacd6fb8e6f49697fa21a16bf","53520.4617801901","No"
"0x0e9b900efc2a46a6540dea2beb0e75c2ef4348b2","10813.2200925849","No"
"0x0eb74a101fe4a636d3434588e374a4a6f6af1848","23015.5527543501","No"
"0x0ee8716f610e140137a27ecf980b5ec7af4f964b","13687.5392511009","No"
"0x0f7739f2f93753ab14e0faf5c9a3ee4519674aee","4000","No"
"0x0f9192b12bdd97f4351c252f63aa1e28c02d66fa","79928.5258864788","No"
"0x0fd95c6aab9e21b79eeaeb78e6b13de93305f8c0","44369.76635703","No"
"0x0fdbb13c88cbaf66a9da0625810370598c216b57","3008.76375041333","No"
"0x10a09b3ab82351b17ac982e37dcec0f7062ee0ec","10760.2371393597","No"
"0x10f56908dfea63170156c05cf84188e177c433e0","15000","No"
"0x1166d17cbe8eb0ff38bfe4130e3621da570d6c34","3499814.561","No"
"0x11b97520fceaed22e0c90e65532c293230452d77","5080.2991021353","No"
"0x11d39c930de7bb8e5a3d2fe10529c034f25dac56","1000","No"
"0x1289dbdf47423891cdb42b99e17d300ca21d6f92","0.795","No"
"0x12cb2c87cc31c907e2e296c3d420490e71e2a78c","1591.89985139115","No"
"0x133ba3906b2b521be15f0dc52a198cb3f550aaef","1200","No"
"0x13c7253e000044acc0c4d51c4fd4a798d91dd399","20438.73","No"
"0x13e856de31dccf0280802cd291b2c7c882d73d0c","52412.9836247109","No"
"0x148065e69f28fbea43f8e2794626ea5dfe317a7f","3098591.83597693","No"
"0x14efc225175279b96743ae7e354f62aa419a999b","6689.13701788055","No"
"0x15151ac99bba4ee669199efbdcd0d3af6d70fcb6","37234.5706452403","No"
"0x1538ac87b1ba863f9637c19c0c9d9a1ba98bc27d","135000","No"
"0x161f576efe407b2b9a10068edda89bacd2a185ed","669741.296832658","No"
"0x1632e8e1ee37f3edc4f3486c562effd69c560b75","31777.2243602877","No"
"0x166fd8a664816fff74ef9f7b90ce2d06a61cc25c","26325","No"
"0x16a13490ac70358dc92b946c8aa322e7a1f61df3","28959.2326580326","No"
"0x16f23e1f46f831f9886b510575c8eb778fb31884","25786.6481935211","No"
"0x1706440ad7757b587f7213416bb81cdf564deedf","19355.4211831291","No"
"0x176dddb9758e49d900eac37c2d7f62053ec9c234","4431.00383660238","No"
"0x17b48e423bdb75737839577c4e912aefe5a4e43d","9737.83163175576","No"
"0x1879f566d46fc8e59f26500e178fd31bf3493e06","13.2975","No"
"0x188bc740e008838d46f198481c11d349bafa71ad","2147.065","No"
"0x18f09fde9958701090583f82f817b093d765325b","49775.5869233242","No"
"0x19437efe9cfc9656103a7870f9b4918de23d11bd","3315189.59824232","No"
"0x19daceb04165ef0cbb045d7fd0ededce38fdcd61","2713.59470920289","No"
"0x19fa5828b99c82172fc48d282f1194fde0b67783","79745.7119059768","No"
"0x1a2869ad1e52acf28afb6dbd4b402a514fba2b65","647482.620309839","No"
"0x1a39496bf3c0cb0ac1556011bd3fe02ed9edd583","157176.642","No"
"0x1a8c43e138ed7334f659ee037064ac0639f22d68","11361","No"
"0x1afabbc5edfef55a52eb15a352bc272507c82882","7839794.00949218","No"
"0x1b12e9914c306ccecc099f303fe8b7efb37ef92b","316876.721316034","No"
"0x1b210dfd0014373ab8c8738ebcd9aa58b0c2b288","2688.66","No"
"0x1b2a1e448ec57ede6b51ccf9180c8c031f2fdc4d","10831.1081333689","No"
"0x1b69535e009ae821e4861f5b617769c3c412cd7c","9201.26165136843","No"
"0x1b9e7959ecb018a8ce609e43860f4f672b0afce9","17079.936","No"
"0x1bbfeb4a3c7b5be76e8b11e74dd06335df94f55a","10451.8794848476","No"
"0x1bcd84f2c41c96ea21c46203f870730ed6d97330","57201.81","No"
"0x1c0c89b25e0ccee2e3e11d0ad773364b81911c47","25971.6058051672","No"
"0x1c28c64118329320b7a90500d31550ddbadc544f","7000","No"
"0x1c4dd8738900f223b3f1ce4a0d277d69967cacb8","3000","No"
"0x1c5580e4200fd6d1a79411e4d3a16ca157f52207","70814.25","No"
"0x1ceb0ab2104f2b2d5c2fe6f4f4413995ffe99fb7","78838.11","No"
"0x1d2e59f28c22cdacdad28eec144f200e91e6f759","549862.56","No"
"0x1d6899d289dbdfeb83e19661263fe033e37e6e59","20615.4453371536","No"
"0x1d921960be958e2929b3d5bc1f8685b36a45edfa","20000","No"
"0x1dfc029355488cf58230ade026f5a1214c86fb51","99985.936","No"
"0x1e04d27d694bd60a6c454be4eedd5ed928fe0c15","8791.80889019241","No"
"0x1e0b16d340ed938a71467998e997e995110ed596","84404.75","No"
"0x1e6b5986852ad914c5f3a7d3fa19478d6371053e","30000","No"
"0x1e74d5086600f9aa0db8e9abbfb9ca836d24f387","694.699590656184","No"
"0x1e97b8324451f3b474311750cd4c2d9af9970986","45233.37","No"
"0x1ee644d59440cb69718127e6c0db2c93754716b1","28899.207742233","No"
"0x1f7cb23d543602b953dffe0e3e603b0a25b5a07b","92551.7163518349","No"
"0x20779b4c60d1a24248534d9c46dc9513ab874561","9806.37087060865","No"
"0x20a73256f10e739c550e31b914ba61fce99594cb","27492.53821578","No"
"0x20e83065f3eb16df5d81a3d5a07dd1d731d1f107","4438.61619509858","No"
"0x21e0caf85a620e2ce427c33014113c0d9f6091cb","12139.1786061591","No"
"0x21fe2885ff61f2f31ff72e4a320ed26047f23dc1","13790.654","No"
"0x220b278dd16cf14f13e054a2fe0dc767efc6aee3","41514","No"
"0x221c9a149f2a850971c5e884af31f5facdf83996","144509.465","No"
"0x221c9f5c14904397bf7f197e7b0ad16d53fd704a","0.43875","No"
"0x2226c422dbe7ce782c6a6274eab612ddbc6a37e9","4441.59390320067","No"
"0x22d22075faa8e921d3b91ddb2a8a2a255219df40","100000.355837917","No"
"0x22dc31da9778effe64c519aff9fc032d7fa21dfa","2000","No"
"0x22f5c016deca12687069539112dba0fa9f243787","549974.847154257","No"
"0x22fc3ef90bc833da6b3a4c71fe57fb3504e4161a","21569.936","No"
"0x23567a727320fe9af6cfc54c7664b7c39e639b9e","5033.274","No"
"0x237b7c6b93b6d6e3d9fa8b6c2069aabb96b70a3d","16672.5","No"
"0x23bfd8b2d7766cff1ecfc85036f76ce0f4e637da","1464.81","No"
"0x23c3b88f50cc5a77f2057a2ae67c957a8c9bafb6","77325.669","No"
"0x23e0a1bdc43a19a9cc06f19bc7f433bdfdd1516e","17447.5034388769","No"
"0x2411c3ac17c30b3c9b2c3932fad85c432c91aaad","39108.1598122184","No"
"0x24e9fb39c5f69a9dfc6558a3df26468731cd76c1","2470","No"
"0x24ffb2d21dda81ca893eac89aa6169344bb32dca","7204.4427213277","No"
"0x251cace6a321449b1d523ac20b7b4fd6a9c3f7f4","87066.7445949316","No"
"0x259c6ef818b78eb56ec69f14d5933ce363508887","9920.402","No"
"0x25e7bbd217b57d57e1e6e601f6194d98c92ba72d","7787.98922543671","No"
"0x26900f15b5c2f945fa6f2ab92ffb9d86f55838c6","16095.1687932776","No"
"0x26b53609d6d52f1d4ffeecd8256515d4acd87a5b","22952.026778911","No"
"0x270694d1363eca20de72a675eaebf325c978b567","45344.936","No"
"0x270f5ee6dc4812429f6cdb121efaf5b452edc1dc","8920.65515734485","No"
"0x27771ffd3cfc86e8cf98b94adca22afd17fd0163","11111","No"
"0x27954749a549cff2f2f4c96fa6e747f99c770343","723.06","No"
"0x280cd93e862c23cb95d77299253659747f5d8617","500","No"
"0x28aecd3fc053570f07175cc8b4c6404f88edd51d","7220.53470364902","No"
"0x28d90e19231f891f3a9dd573320497fd4fc21f59","0.0596224536255606","No"
"0x28d9aa0038e9da6dff1bbff1ef5e3d78dff1f6fd","15102.9531466441","No"
"0x2910129ce9782f02937e6db26ca202ab1a1f9231","5791.5","No"
"0x2919288c749b14bad9cfef29e911481c1ccee731","24416.116","No"
"0x295d51a6d19c7509da4558b345e4b8908e0a9e07","13922.4866630375","No"
"0x2969b95d51079734c875d95b687514cbcec2bf10","46545.866","No"
"0x29fc55baf2893f4bdedb59a76860d7f843a3a7f4","19681.1992582202","No"
"0x2a0c0dbecc7e4d658f48e01e3fa353f44050c208","37159009.8139259","No"
"0x2a964c178cbb3f929b9a4d30b0da04e05056fba0","80580.342","No"
"0x2ac33b95cee80272d75745d78063e6bda955f246","167627.07","No"
"0x2b768864597ff3e6f2f4a5cc7c266935d26b93e2","11527.3416304639","No"
"0x2b870c8d640685107bf2f2e6a11f09c9686f7806","42497.6221947395","No"
"0x2bb2d9e4ee6ed9e17e97de128d283d19acab1d05","974.932024652597","No"
"0x2bc51539babb7cc91b96abc4dcf52c0195ea4191","12505.7571531984","No"
"0x2c05fcb9c7a04c269f04c6d61457848db03e6302","11459.6686110609","No"
"0x2c2f726fa41ee6b7992c332f185c2228747e34bb","11084.6243916596","No"
"0x2ce38803bf39dd09e072255b19ad3912bb799603","11406.116","No"
"0x2ce58064b46711cb6a94c4a627f5762abcd34cc9","610.892","No"
"0x2d3d50ceb0013b3f0fc01d38290db811cf3598d2","392593.5","No"
"0x2e23f2a4208f633914190bb20fe5b2d19febbc9d","366560.784","No"
"0x2ecf2d0f689085ff6d8e8cda423362934e971cb9","36479.2086261468","No"
"0x2f3e12246751e3204a3196a353d979e9bf25ac5d","1020586.055","No"
"0x2ffde369c441780e4f75eb5653824352e61f4a49","53242.5904223505","No"
"0x3004534be4574b45eeca91caed64aca6e1f52cb1","795618.72","No"
"0x30356c3fe3405c0d4eb3239078b4090ff51138e7","5000","No"
"0x3059154e9fd69dd49fb501d2c48d2780535f1d34","3802147","No"
"0x30c51ff42f594a4c9e1772d483a414e64d37f809","14128.0581051189","No"
"0x31f4fe9b63bc56a26ee7d937c5e085948a922f94","2550.47247287","No"
"0x323f5bb64b34e259ed16ccc3f5037f4857a684df","1069956.81","No"
"0x33480283475e814a53536a0034f5d7c8772781ed","68276.022191643","No"
"0x334ab89ffea8e1def021d1b8c17f347c6e4e3020","100000","No"
"0x33505d0e8be3070a75373b790ecbe39ae6608021","14149.3279680341","No"
"0x335d037e349d702a469ffb19f7884c9b96bafc63","27571.05","No"
"0x33ab1f13395f15d283cfc41181f4b8e7fba1adf4","1000000","No"
"0x33f9e01a592c7dbeafc792ab8284cec71c96e828","12161.6668660658","No"
"0x341f78756e0549001dd1a24107a9f54f5adb271f","50300.0058701342","No"
"0x3421ed762cc81872485d50a10e8fa597c93eacc6","1300000","No"
"0x3422b32c747b300cc5f9f76fc64cc7d7eef22837","20","No"
"0x3476527ed374cc4e17590834d4b58ee4a820d565","142921.426488068","No"
"0x3481fba85c1b227cd401d4ef2e2390f505738b08","25200","No"
"0x34a18aa82551e08705db156666910e2d5a6550fe","10095.2040991063","No"
"0x34e66226c4486b7ec2c0ebe0e215bd01a5121f88","1241424.595","No"
"0x34f3f627f0e737afaf508c2959401a5863e628d6","6282.71631122571","No"
"0x34fbf6af1bcc58d24bac64539ad9d1a51322aa09","6507.77128955241","No"
"0x350e142e9c7744b1315dd3c1ea4a5abeb74c05d8","670.15690721","No"
"0x3520b72f2a6fc38a86a0720e4d6b453d3fcec13b","23412.4804502613","No"
"0x35241fa05ae4e6b29650edd34ac0de5062061b9e","27681119.450068","No"
"0x353f9a7ed13ce2f3769478e72f1e20e1db051067","18541.8420387175","No"
"0x35403a4221f6108439278a3c2cbc8f993d590260","1422323.60597102","No"
"0x35fb126505c931b824cbb4b4dff81d29a3079144","1916.3362000001","No"
"0x361a1e6d30978aaddaef579845e8740e27ddfddf","90427.8698945978","No"
"0x363f7fe465853e862d1cbf045ae8fa654dda245f","11911.1101313248","No"
"0x366cae5671ed0c279b4ba862d64d777baea88b83","7180.01767877907","No"
"0x36a89f4dce50a59c1e8c898af67a3734fe0fe6c3","38453.092","No"
"0x36bd14eaf211d65164e1e0a2eab5c98b4b734875","10530","No"
"0x372d2a355c2813e8020c488c049c598338ca6177","7100","No"
"0x37a5ab6ebf1ecb9c36d8eaf100e3f2f0870a2bdf","4164078.59117906","No"
"0x37b1f6bd94ec161cb0d37c2d8276ac0218f3d8f9","5.7435124500199E-05","No"
"0x37efdf7dbb51e666f5e834a1508286f3ba3ff625","5000","No"
"0x386e9a4338749d628f1b41fa1bc2a12e026d59ee","23455.936","No"
"0x386f40a53f94485f6dba491bf5ae1887830bd36a","6727.74981753767","No"
"0x38b3ee3195c18f2dd9cf3e0c2de33a9bd1a42307","1378.64471161117","No"
"0x38b8268ca53e6ac25fdf19d023c383257a84d165","7696.33317142822","No"
"0x39745559449132e991ab9bc23257d5a92c8760cf","58251.872","No"
"0x39a30e8d93be5ea7a1b0d1ebe1082cd27efe4c41","35994.611558793","No"
"0x39e903bda248e8e3c5e6a515fc8908aa700fcf5f","4651.476","No"
"0x3a0928fabd853cb655f2680c79a6ee140e8e57ae","16000","No"
"0x3a7af672beb23e8b43132449d7b878dbeb893f03","1","No"
"0x3a8f476dd4172229961f4116985484b5405f612a","56580.4715428456","No"
"0x3af35e74f8ca70ed1a7198c0ee2cee324c9c2ff8","539.936","No"
"0x3b40917f9df83d8edee46fad58e3c43173409e5c","36000","No"
"0x3b49b8c2eb78a770f87adf1883ed43f94479b3b1","87750","No"
"0x3be51fd46167e9449e24ca154b5e24d5e030de34","11000","No"
"0x3c6361b62de94b82fcd3d6b7a6107bde2c7a5ca6","2234279.97","No"
"0x3c68d82cf936f946ec8a8d7c507b09e918790b04","13978.961","No"
"0x3ca9a31daf5c62010c07552714b094ba81074887","35100","No"
"0x3cec0f67d027783ed47ac2edb122e9a0653e62f7","499009.218534408","No"
"0x3d356097790ab056f140fe9f004f50cc041278e8","3087.36083721684","No"
"0x3dda141553d0fcf61b504db81f557ca5a2f4ce47","1800","No"
"0x3e05c8dc108b8d1b0593bd609c253a91405520cb","13463.1695892155","No"
"0x3e108bcf5ea48811d58946f1fe83e6b8b582e6e6","21006.6268596335","No"
"0x3e2da426b283093288fa72d084d3809df825a519","36999.0374634025","No"
"0x3e300e8367a8c8fb4bd0e3c339be601d762c01e9","1755000","No"
"0x3e7939f3ea0fc46c4075347817ebf379a2cf8115","381500","No"
"0x3ec5d4955ae611cb3df0d339854dbad8e6b58f47","1884.69062099275","No"
"0x3f5b2419755ee4a122209e38416f3b056f98e9d4","5222.305","No"
"0x3f6cc729736e53500e316acb083dfc7abd878262","12922.802","No"
"0x3f8afdb70ca40c2e6f3f5e05b495ad357e5fa56a","6279.5717613226","No"
"0x3fc03fe3b470b50d8163db99db935976a6448fc3","9813.29622018058","No"
"0x4007a29053aa83af2f340c46cf39cdc59299eb84","26946.3954201204","No"
"0x404a2630fe6ef65f77928fad7974c9a68ae779db","8750.5301710033","No"
"0x406cbfc2d391bed42078138165465128b4e0cb06","49926.616266624","No"
"0x40ca586761d4db2476b0ccc97ba0d20b2c262ff1","12285","No"
"0x410a3773ac729154e63b0ca461b5662926ffec49","100","No"
"0x4113adf1dc788af33701b3ee4be1a4f3afc103bb","3948.63440800655","No"
"0x411e8fa8d718a5c2828f895356ac57b94285ac08","186906.26040055","No"
"0x4126da996bc4ef39e9b6158c45f14e5f10257289","30000","No"
"0x4133c1de60f9daf086e8181b43a57ad0eba10f40","2","No"
"0x418f7cde9c7de38f56869d38efb213f241874086","31765.00006709","No"
"0x42646bd72059092e2ed6c03cbf7540f661c47ce1","101737.589086816","No"
"0x42c7413bef1af01abfa7b4e9a5e129bec7b32798","100000","No"
"0x42dcd554cfc9d487bd14b8ab4df83a5fd9b1b6bc","10157.360605667","No"
"0x431c6cb0a6d07b1f917fe3d3689634d08bcd453e","12500","No"
"0x4342e82b94b128fccbe1bddf454e51336cc5fde2","14564.419337743","No"
"0x43681f57b3f5c6ce26cf3e828baa7bf5b38f84d4","18440.2667789779","No"
"0x43713a10826ef82053487d76fcc2aa697453af12","102863.163237392","No"
"0x43a435418ca97a2102403e318cbe06cfb0b17942","38.5608490476667","No"
"0x43d477ff6fb81f908525ac4b7f7eb8c529ed7682","17365.0680170178","No"
"0x44663d903bd52341445aa0f9856af6d3ec09288c","500000","No"
"0x44e3daf6bfa2905ea385cc56a4324819755b8fee","11823.9496700633","No"
"0x455359f8294aadc45d60e3c08c165a09a7932674","16972.72022862","No"
"0x45842999e225c6a81efdd5553bbdd70e68cc7ff4","5101.01639885583","No"
"0x45a6f22cf220bc8954ab051f02bbf4165de86224","5202.31","No"
"0x469dc8c29672e760f72ac1995626bfea7ef54c47","78106.936","No"
"0x46a03916158cc281d4b08e99597e39d98d1b14a0","6603.4019286354","No"
"0x46d920534c7680cec95f1f2b40f3dea00d8710c1","2617.0452632691","No"
"0x46dc7b62c843df5db3d0ad27959eecc280f68c81","3264.96115936","No"
"0x46f696dddbb9edbf504a4e0226016190995b6dc6","2038.4782226929","No"
"0x474a91a5a23c711f2fb1727246f937e0872a24e2","14677.9113971443","No"
"0x474b5e6b9ec0993c6c942158cb23bebceb4fb764","2846.30252496513","No"
"0x474f4a896e5410dc4b69c3fc2b736c9987e70a84","13817.8136740794","No"
"0x477755ed20250c5d1bf602d2cdbd7705a7cfbd5e","22806","No"
"0x478ab17d8d686904f1c2c0653b1d1d0fcb1115fb","39736.9228437715","No"
"0x480754979eb700a161e530af39378f32130a155a","386.1","No"
"0x48241fd342d0d34cf747380af22f8279f630e77c","589880.07","No"
"0x4844b16ad568bbe04511026b5ae8223e5b3bc0ea","2200","No"
"0x48575173736825c8ca6f3aa6ba5ddb7d8fd943db","2892.73495381452","No"
"0x48ac0ee95d91b0079c05419a704e6034f30cd919","9586.1575902625","No"
"0x48b0ce7764edff9f600b779aea992a0764c8ef10","64233","No"
"0x49195a3a40632ff2c11caed5737322a37f0b68e6","183976.637792363","No"
"0x491e94490251df18d1a455a3fc3c8fc64b419c28","794.649716677377","No"
"0x49373c9b31644bae4bb62c13e5fb8ba237b4256b","20000","No"
"0x497828695ab7572ee4380e8dbf57969c293675c1","45062.7387180121","No"
"0x49bab2ddf4e5271405450cee0b23e143796c3003","377212.17945454","No"
"0x4a379c000abc6fab178fcabe4503f42c8eabc63b","9087.662","No"
"0x4a7f87e5c23af024c0b0369d90d55bd49d8f6580","17073.065","No"
"0x4acf1a8bb202cfbe710e5d698d03bf8f47684b8e","791640","No"
"0x4b0c3a8d6ff0a091d9ef337c059cbac6189422e5","41817.555","No"
"0x4b8a718f7fa74e969a333bfff9021bf217c7a5e5","3130.63455059089","No"
"0x4b911ffd8d8c982faab3bd08c4dc786c6718b31f","59233.5892994543","No"
"0x4b9caa0ef57d9dc0c6d82ded7157d444b7a0dbf2","0.496","No"
"0x4ba0233fa3e96c6e974335635fb957d77449a14e","174286.997183486","No"
"0x4bdb031b7f3a831b186663a8d6e050f3b773b7cf","2713.76058642921","No"
"0x4bf3854e23c1ed5d72304a86c85d29640eace788","7077.36598454606","No"
"0x4c3d50688581f7f8669923793244d91c86a1a738","8088.14585379484","No"
"0x4d27f9eb16d6c1dff79e24441612a0c46a7919de","404395.918","No"
"0x4dc2c383072a11e8b5e25435b198d7acda5a6570","13030.1943000109","No"
"0x4e1acbb9fd16bf427ad02ace5e603b9912289d13","7646.19535195175","No"
"0x4e1cd3701a14004f07bcdc029465823ed7a2f145","66815.345","No"
"0x4e3f199660639b1324eaa9051fde555f23a57176","3039.79385169397","No"
"0x4ea9d2b9bf882ce338efdd4f31f4baff08ed40ca","123963.484","No"
"0x4eb99f642f4375e5dde298db421ca1c051a30b05","147037.262501091","No"
"0x4f5129e8f9110a4ce563fb40428838d18f1cdeb7","26384.9434259601","No"
"0x4f8393f724d2c5af6d61225ad7cf1d717c1648bf","57414.2059925327","No"
"0x4f89f621fcd1d33539f36a73509b21a4cd9c01b0","2408","No"
"0x4fa668aaa9cdb131697e0ec4f7fe039da621b5ec","56442","No"
"0x4fdd07b129cfe46630fda84540ca3d8f31a465a1","9010.74985900519","No"
"0x4ffeba1b2a33f2267126d6274bd070b5c843538b","317376.398993386","No"
"0x509a35f0392c104c65e12b3ac4611c14579f2b44","2500","No"
"0x50a23cf1c64e6a32c5bbdedc14f0d2154cfe5fd7","5644.08","No"
"0x50b0ef6323032c98aff68ed7df14c812439d2b3e","11129.6760381498","No"
"0x51c34ced61b5cf19776079c3ff239cd5f5ec03dc","14.186","No"
"0x51c6880ee353980e97f16878ce7a678052f45cd3","8078.4459637662","No"
"0x51f657512ff6ce2d5eb0cd9768f7d231a12850b9","175714.11","No"
"0x5215365ff04ae300d71b8fe908aac19a78e08c7d","62600.1818","No"
"0x52252839ab1f254e242c6b72639b22eb95363db0","6494.18991893782","No"
"0x5283a5f64f4815800c1941a34306c10dbee12601","88473.612555353","No"
"0x52ef55cedfc48e0d9c38d4190e1a8aa8404b5cfa","14105.8870294789","No"
"0x53daa880c555abe8559360ab3f3cdfbc64b7f162","11546.1537733829","No"
"0x53e265eda8afd4af534e3e2276b4c4633dc51641","10027.936","No"
"0x540594e428b4162ee0e04ef20537f1ef5d4601f1","928.952800230805","No"
"0x5418ac48859b4d12d78082325a4593fa57953a30","9340.31789111088","No"
"0x543081d731314714825888f4bf578eeeb06c417a","19862.8617833","No"
"0x54596b793ddec767e33079088e8d1d6f13ab1eaf","21340.223328032","No"
"0x545d28246a59d0c3b9c74a44ad017ff7f85259eb","18518.5255659042","No"
"0x550625b5c7e97981336aeeaa3c0c1dfe30572eb3","831.567963319207","No"
"0x5551106965809b65782df20e4413fcc7148a4eb4","100281.988","No"
"0x555e0e1dabd9bdb568a1d1357dedcefc21c3e25f","6003957.145","No"
"0x55790ab306d9bd2a8e0c517145b0b079c6e7b78a","8803","No"
"0x55b261b8622d780b775847b0beb484b88bd1c750","1501.17286086867","No"
"0x5611ab15f01c1dc099b7b1f158735131bf7a62bb","29501.1268234527","No"
"0x56582ee35025473ab6e4016cd10af56104c56bcd","99406.497","No"
"0x569972980de659f261bf4ce187341cbc126faff1","4085.92113277605","No"
"0x573e4f4537ac28796a79598600018a77c070a6a0","4282.62928781785","No"
"0x573ea6c6b19b1a829b16103c1d880902571d4ca0","31600","No"
"0x582cd79d81ea633dce8a44b2c05e49064dabdbc3","2059.476","No"
"0x583da1094d62ed1d385880e4b892722c6bc22d81","69154","No"
"0x5886ef63c636eadbf0f88874970a7a0df077ccb4","13423.071","No"
"0x588c3d7f52398884aec199a6ed08a29cf75b40ca","750000","No"
"0x58a100a76ce1f575cd2bc8b379195848cfa4b887","813.690695618541","No"
"0x58d3dcdc8c0fbe766d7bfe5e0b1a0b4795484059","1520.8381947919","No"
"0x58d8d35ef96f1774af37f8406c6aa8b218237c6e","1727040.66292708","No"
"0x59ebb1da6fc3de22ffb45e8d25eac7d5f4b0c668","1847","No"
"0x59f9b9b9e2f93100fd2d551a27c805197dda36ea","3384.60392873969","No"
"0x5a5dd6396457c63583249bf58f21d8f776078bef","11485.4335779392","No"
"0x5ac6a777379b846bbc6224f271fe04a80099864f","30047.288","No"
"0x5b06b44a66e5345661f6e4596f3a20da19eec1ee","10000","No"
"0x5b8688236e1473ec108ce373feaf99e215aec49a","16831.6956334605","No"
"0x5bec50d28d1baabcab7c2b774970b7f5a28945c4","3685.52411474904","No"
"0x5bf53e9e0e9240fd4b5280017b98c92af6ce0019","34734.6662603462","No"
"0x5c3c1ea84bd2e0e8ffb00d419c5c0a5748c094ab","46332.561","No"
"0x5c653fb1530adb3f907d00d4b2a0c556bef413bc","26093.338","No"
"0x5c824e88cd207c4316441a4f9f9e884b2569c2e0","10000000","No"
"0x5d01573e324f3e42b3a57de993fb27702542b246","64792.0059007782","No"
"0x5d2576de6e76ae06f5aea2b7ea54eeae152f767e","7276.38860208477","No"
"0x5d4d290dadda464a247f1efa91e67d2830f699e9","27488.1628705134","No"
"0x5d652586eef078ff80cd70292e602ca6e2a71ab8","20119","No"
"0x5d7a54a92f1217e5b0bd5770173828669400c74d","25023.0588257598","No"
"0x5db41644cb6d9a2032661b4d9a57fe81cb687c30","7719.733","No"
"0x5dcf300a52434930e441da7970ed488303caf490","20000","No"
"0x5df201a479d19e43cbdbff57ebdfa15243c4e8ec","2196105.24697339","No"
"0x5e28788c65c91e71f236323daa5ea002cacbc4a2","3500000","No"
"0x5e403f163825786b2f253c9c9c755c7ffc5a7b64","70200","No"
"0x5e8cfe345d1defb683065bf0c61c606e4ad03c09","570000","No"
"0x5eb3da3fe0f2c91b677e17c07a616dd5e7e97cd7","29010.15","No"
"0x5f20d84dbfce7d9bd5b43dd22e650e1ef017c011","96525","No"
"0x5f35c52720a2c9b20b85be6fcdec0e31c5ef9b88","34277.5441257158","No"
"0x5f81bb2a4b53ad28a2d81f28698d6672f50a1158","20","No"
"0x5fad77e5a483aad5a775c9e2fc4bbf5182e2ee7a","17000","No"
"0x5fd4fb84eb21d0da3046951a525bd2e11db3e4c1","29634.1267838923","No"
"0x6001c39174ed826b5d28e4791c4aa96a945258da","1350406","No"
"0x600aa1a95941ab4f64ea14bbcb65cf4961438e5c","2170.91152501619","No"
"0x603f63c402a62b6e90b7a39afbb87a59232030fe","7946.936","No"
"0x6040899959a8861e93238265376b27072416596d","100000","No"
"0x604f95cfc111008eb7e24606e6ef4595d70190db","9737.97047335138","No"
"0x61082658cadb769f286bc20bd9f2660068b7a659","91588.3104464982","No"
"0x6167b4fd0477ee2abb4b5f017200ce86b08ee050","1179.73096554851","No"
"0x618f9c976d5711d74463df8e71e3af358ea4f634","11940.7362166731","No"
"0x61a06b9e8b1d8d167f8b671f881cf6ec49d746e1","1105.37120987197","No"
"0x61cd93364ba844dd1880b26254132e782427b1b0","0.518","No"
"0x623a184f4b963b98dc85d7f578d0728f456b2731","118303.959830711","No"
"0x62f7c9e6cd838e5f48d4083f08b97d05b31418bb","37040.3562837538","No"
"0x631c5c638e27962ec92391b0a7c7c1b6ca14df14","4152.475","No"
"0x634d3457302335b12b79da8aa130d87ac473b3b2","417.916234630958","No"
"0x6356238ea8dc4fd15b293c6827a4637873723583","8455.81454440393","No"
"0x636853badd6fb9da3eccc3effe6d003c5280ef14","14978.669","No"
"0x63980d84831b4dd30d0e3626f38798755e72a5f2","4173.08743344259","No"
"0x641552f5fa1f48a7f74d70da4af9cc397a897e51","94239.2790202222","No"
"0x6422c538c5ab65b2b19641e1c13c9dfa6d47cc83","40051.5321021393","No"
"0x64301121aa1351a9f50ce075cddf37958b45a643","8930.86327076981","No"
"0x649d4866e641ec22c2c4ebfe5224f3afd72fb820","82104.165","No"
"0x65c9f20ed19c5675e5bf4d6e6f1ae2899723a17a","80375.4144057411","No"
"0x65ec6a89cd3424adbf4c4ab5dff83f3dad7177d8","76912.242","No"
"0x6674d1c75384465a09855719a94e13b5b8591302","123881.126986935","No"
"0x6686a313a6e8163fcf7b3db1b453f2eb39b913fc","760","No"
"0x66a12b0086e0320f2e6e26c6ff93157c0c365cfb","18575.9198522412","No"
"0x66c0ff9250a2fcd9f0274191900c3429c17ae7bf","8939.61814460605","No"
"0x677029e369dfb8fc1474810f20fffc43c49fabf5","3737.25262856242","No"
"0x67b3ed835089a3f6c9159a02cf8b5a1d20365187","143222.04","No"
"0x67e415094d9d84dbda99ec4b6e6455b8c3da8f32","11580.0886764725","No"
"0x68298c30288c1beb947e6b0d9eabf49fa4ec6174","800000","No"
"0x68575571e75d2cfa4222e0f8e7053f056eb91d6c","2200","No"
"0x6870a0911fb1f645d5c93e1b29f57e12241011ec","449948.901320379","No"
"0x68904281f145ca7bcda7dd583f7bd48ceec87982","6532.891","No"
"0x693c188e40f760ecf00d2946ef45260b84fbc43e","1","No"
"0x6962276f9d0ab14837cb357479518ecd3e53f1eb","9689.60564881969","No"
"0x69699945db27e4013994e0b2d80065e96e36f443","4999","No"
"0x69749ff7b20980b5da84e1e12efb2f83897924e7","43146.767","No"
"0x697e12a5a856a67e09d514cb1b6f7a1d5eb6e706","22668.0782273043","No"
"0x6a8a1a7af701809f0a3105f9b8cc83fcd0421eb0","2452.33863490292","No"
"0x6b18bf88634d7365c753efdae69ff21ed8d65d4b","50622.975","No"
"0x6b32a21de45d7df8968eb88a7ea18b25ec1229cd","3029061.8068975","No"
"0x6b88864e14f74df51e177d0ee5a049418f982c00","8387.29713360744","No"
"0x6b90beb7916a9168ca2ab0a938991b0bbac176ad","5636","No"
"0x6cad3333e8cc4b5a3ae18ccb3dde8777923ff101","2000000","No"
"0x6ce0a39c6c39fe8becd15d4c103dc9e647efce2a","1137.196","No"
"0x6d26d2b84cb2c7d8866ff694efc41ef1ed4c242a","1048","No"
"0x6d30125e4f7c027d0a04f3590255d064d9d1be93","15091.9904561713","No"
"0x6d8b9d75438da9a3142636dba3cc06241bf88e7c","11721.645","No"
"0x6dab014bd8273fa8fdf3f8231f772192641e5a84","2569.63743239044","No"
"0x6dd595a39b0f2e3640861132accf1fc9690c388a","47536.1947807141","No"
"0x6e733b4ff273e8ece4581f130b25d909cc3c105e","1000","No"
"0x6e8c36e82c2e7bafb730dc988840c4d71c6545c5","3657.7843165783","No"
"0x6ecd0624c536f6ff485acdcb5b760ddd7bf02258","6190.27364945389","No"
"0x6f5c678e1d3c83fb5f31ec2fe5930eac801f9884","165190.42","No"
"0x6f7c550e4a5e3a15c952126d40ec6699f6109935","27581.4118331193","No"
"0x70b0b37216eb2a7a3cf1fd4f146e1f2b050127b6","9551.84123926965","No"
"0x70d23b883891883d35fe21f00905967ba3807f1f","9976.936","No"
"0x7112e07d6602c28180a55dd768fb3e36b5931561","483620.765","No"
"0x71161687463077a32982b25cc34c2f562231012d","4668.82156549916","No"
"0x712dfafcfdaa90dd60f71a09ae9a9891d0748604","58278.2394913878","No"
"0x7138f025e72a4facf90c29fc5854a19ed2272e87","37081.3308025033","No"
"0x7158e32ce73bb33d6cfbfb26329ea59a71d10b21","6022.15497340752","No"
"0x71cf600cf7a2472d5bc1787fb7281c082fc69f9e","20064.782","No"
"0x71da7f16c8a77fc69509c2297b4f6b599484c043","38856.6063230724","No"
"0x721de826f3ce61733bcee90b9d1b6594b468ef84","7800","No"
"0x72802e487ca729980a099ce2ac3056967fc31e21","48755.1538581064","No"
"0x72ca5283dbbbf332557a91623e80b9676f95a1ec","11288.9693794294","No"
"0x72e489ee7ee5acae38ee47dd65d65b2dfcd4a877","10100","No"
"0x72e5263ff33d2494692d7f94a758aa9f82062f73","960816.074175115","No"
"0x7364b979318d78222a1531dd60cc08e0b38d8d8b","1448857.50459413","No"
"0x7371b11d13dcf4e02c3662cdacf77dd4161adbc6","22542","No"
"0x738a74ca5ce0c6988f76a424d5c8e79f9e8c91b6","23055.0831355419","No"
"0x73d6a017a55c95ddf6804d7c5cb73e0008e13ac7","20075.936","No"
"0x74120563ecb59d7399f75da73c7c8c6df0f86e90","195307.886127661","No"
"0x7414d69d2bdd1e59fbf3db21cd08a8550293e9a5","5150","No"
"0x7430a657f87e3ea6aba550569d5a6ac0f96b0414","2697.13425891506","No"
"0x743ccf7d61a9c4b772617f3b681960c58495c949","7789.30445418367","No"
"0x74516637f8f2ba9d3c3090571f85ee4e9fe5d044","63678.0140206473","No"
"0x74a8782cebcc582213fe84d0b5e640a7aa809ae6","30069.0596581421","No"
"0x74ad75fe06a77339347f284b1b86ea82df437abc","10653.5075989716","No"
"0x74b964e9dd8f4abdcf6e9bca197d59c4b84d9f19","2100","No"
"0x74be5f2fd0272c47839ced39adcaa4f181f1233f","55677.809","No"
"0x74f6d130cfb6fd838aa0e8fdc0dc500e048cc5b0","7026.76590283762","No"
"0x75b8c33e852f09dc82bf9c9ef480d63009ee7dff","10000.768","No"
"0x761fc46ec075c576db6e105421da737ff2e0743c","45916.6988506828","No"
"0x7662292b3e1d82575b6a79f93dc7c1b28c5d4443","12368.4216618384","No"
"0x76780454cdc335f547784b6f4e5083c22f4dee0b","16843.8883767465","No"
"0x76ab068efbe48db6877d7687d4f0d1a2228fbe61","29717.1063862562","No"
"0x76cc4a1f57d390c49dccd1ba7dc5ed03844a5d4b","20","No"
"0x770e03a11bf9f60d16f578241a4548575aeb3b1a","19815.3838833635","No"
"0x771188222a8182eafc5f8ffadbbadfeb4737c2bb","4240.68539497214","No"
"0x773cd1eed5e018d1e4903dda602a28203a97cc57","57766.199773591","No"
"0x775142b4ba517118f0d7de6398821e48e6597568","12434.0910786457","No"
"0x7798a713527ebd61fa6fcf3136b68909be0a611e","32254.625","No"
"0x77e9b2b7c3ab29d765c9c34220ecc1c38e0c33db","549.079587305708","No"
"0x7915e66b491c0e0d6e4f2d00c398866332b7c167","6398.58493891815","No"
"0x798108a6b1aff4354c6949ee80471bf69205c523","25673.305","No"
"0x79a996150a2ac80b9b9b5e31ba2d859c7e3f0df6","28296.1552862193","No"
"0x7a646dd33bc67170adc9394171172ca48c05e13f","1.5250615261471E-05","No"
"0x7b0ae0419ca7c0f5d3670ad8a8d6f1c63e48dff0","52009.9530563983","No"
"0x7b521dd7d98bbd54d369770583b3c7478e9ae534","460128.355350934","No"
"0x7c3928f5b6cda431fedf4a3fa9edea5e558972e6","1780681.285","No"
"0x7c4fb534c3b9718e8a6cfc96d74d748f77cfac80","14235.7136458074","No"
"0x7c699ce4185d53d12c1e68560ee456bedce52b03","25000000","No"
"0x7cb57b5a97eabe94205c07890be4c1ad31e486a8","201275.21","No"
"0x7cccd6a710a9f664ebcaae8563dd3f8f4270c7e3","50000","No"
"0x7d31732fee81a13635a83e912dff419c199227a8","40000","No"
"0x7dbb8648729539ba480033bd85b7d8c0d83cac15","5185.74400869655","No"
"0x7dd9bfd03706a340ff7f3dca6611b36553797752","4557.75677621283","No"
"0x7ddd96c8daf2fbdc6890d8c9f27f1ee5eb31a972","12500","No"
"0x7e3ca464db06ef577270e11e1b2d75b552099336","14690.3379358474","No"
"0x7e510e759fd33d9529365fee11104b03a191e306","3282210.725","No"
"0x7e590f5161aca9923e8296b272d290225be76196","4778.79642429805","No"
"0x7e9abdd16ccfed9d80bb04a49cd3514c32ec84aa","26783.9198956368","No"
"0x7f0f4aa2ef0326ab16d45262935348a9da8bb0bf","4533.105","No"
"0x7f5d7964c8569252aa781f4c516d240965dddab5","113496.257453901","No"
"0x7f7c5b75c6dd4239cc859aea6b77e8ef62267949","5","No"
"0x7f976bc76e1c4529d13a15636bcab34ac3ea1439","2565","No"
"0x803b66997aa50c08480c305c7d4fda49310dc4e8","11327.9685869742","No"
"0x8070f6ac248e4e523f4806bac33c90d39e072848","153253.071","No"
"0x808b30ddaa9b2a1724e7d6781ca5f0bbbd910622","21462.1039565893","No"
"0x80c53d18c9769aef7be2c574308615c53ab8aad5","703105.761306918","No"
"0x80d9f008ce876a99fd0f73963ae0b0170a88f418","71722.718","No"
"0x81868bf0f89b2f61327b5e19ee67eaebb222056b","28564.8326801567","No"
"0x8195074b2ddb7350eb3ea8471fc61cffa3201edf","1","No"
"0x8198dbb5430a27d764250a2aa4aa7451b4673733","4776.79986070261","No"
"0x819f35f481b8cc0f4e8dda069b0d685caa8d8f9c","16853.0382644722","No"
"0x81afbaecdfa120ea7872245c51bd33b44bae14e2","4987","No"
"0x81bc7b618245eaa600f14a83b96d43230d2f51c4","48304.54121273","No"
"0x825e000478a26018579130cdd84c3691cdeb4913","23464.2679948037","No"
"0x8264c772927ce782b656764f82922338b0790b54","11929.1188157022","No"
"0x82d8d99955e38239d865a9dd0d44ef5dd06ba99c","80369.5010231792","No"
"0x844d6c2d0b60830c6d03b3ec02ecc5251a8dc69c","1500540.04449901","No"
"0x846b04fa9fe51a69fcfc898240fbd2d263614ecd","5504","No"
"0x847e65bc9e6eff1b4c7edcab636f3c9ae5ad296d","9091.34820202125","No"
"0x84c3b21cd16d5bb44073bcca42f726bc3867d927","31049","No"
"0x85225ea8165627fe841c716c454d50390a1dfef1","1191.11641383894","No"
"0x852a8bea761e04ba3f852c402675b64058e2e89d","31779.3308301403","No"
"0x855b9ae3bf88f11e97dda0c8ebf819b41fbfa806","46847.5161705324","No"
"0x858656c6d5ec3863f7a3af8913c930d6f4bdbe42","55444.9876899147","No"
"0x85a5b52f308f8b2fc542e9452be9374cd44c7962","5921","No"
"0x862a199ebc489137f678ee988d92725774fbb44e","427843.936","No"
"0x87226f1219185a8a9e39b1cd40d69a3dae54e958","19513.936","No"
"0x8734dce0d7636f3e20a2115193b7a3d10547304c","752894","No"
"0x873c49c781422eef5cebf67ae75e9f117e6a46a5","72164.2015766105","No"
"0x873ce3900750d30b075d0c22e01d5a013311e933","12882.0442268459","No"
"0x877c329770a62c106a230213b667f4cd08298259","37.0674667538126","No"
"0x87907a8209bf5a835a6d0be5b3e86aba19e83d85","77729","No"
"0x8879e459b1da2fc220a54262b0e52be03c19dd64","96000","No"
"0x88b46c3a4b44acbc5dea87aa8f6efa1333f81459","49905.071","No"
"0x88c43e9110cfb993260798d2604efd59a88fef46","5780.43979159152","No"
"0x88d7e4a0fba5890101e8bd226f53daa1075fdddc","4125.79615725052","No"
"0x89fbc692b2526995dc706229b62d3c013b1caa94","40128294","No"
"0x8a41a8cef4fc8bb7d1f5691c80e812212a214d30","40969.4757218657","No"
"0x8a93762633f865ebc425e824f8ac09e1a44ad427","1789399.755","No"
"0x8ab7b42b0e2a44f2c304523edc419cee111aa76c","665.07100203","No"
"0x8acb55c6d6fe96ab8e5ab7970b07f822ff625548","2905.051","No"
"0x8ba79f94ea0b4f474b5db04b59f59d0150109962","72255.105","No"
"0x8bbcb4d259b0f52e4bcf32210cae0bc91a677cdb","225792.88876236","No"
"0x8be9f198e4bfaf19a63c55a82f63a0362e6a8e49","39715.3610517257","No"
"0x8c06a5aa5f7cd3c595001f1b475a8a480c6d9a52","157.311","No"
"0x8c16f7907af1b8ba9947a317c73f82b4a4f9bb6e","30949","No"
"0x8c2140fa1597ba30548b7aea7992730a30bc945c","24735.1444887704","No"
"0x8c2c66405a22e3b4bc0a8f863b7a11f04d796561","105471.122","No"
"0x8c699a889413893ca1f03ba6405ae66c66f955e6","1751109.32413175","No"
"0x8c6a242941b91f312ea038146038bf3d8fbd62b6","2731.59810576407","No"
"0x8caf7c479b8f8e62f68c5126e360b825b471451e","1093.08199999117","No"
"0x8ce16f97141e5917cda1a535748d75afc8ca7708","5086.17","No"
"0x8d12a197cb00d4747a1fe03395095ce2a5cc6819","17526.473952","No"
"0x8d9192a3f835f85c18721127bb7ab17e7db6af8b","11163.6080976345","No"
"0x8dcef6dc5d6ec953204b89dc888ddbbe53c43059","208000","No"
"0x8de2230d6457c536aac11f03b21d8b6136132197","10000","No"
"0x8e7b569eec235242b30f8903c0de90b04c96fb95","1445.66614120843","No"
"0x8e9cd7de32c709eba2925520c5decff577e36781","9488.74603910835","No"
"0x8eae3b8502e7705da32b2682ec5ed104d91f9420","350000","No"
"0x8ecc379c8d744142aff3ea80caf53e3e57779ebd","0.125787879396971","No"
"0x8edb1073df282f130627111be751f668507ba281","128099.62","No"
"0x8f5153a06bf742532800ff151ebe18c17d8254dd","19037.6239505658","No"
"0x9026577bf65fa9e502e1dcc54b0198cf1c88f6c2","10807.3810510144","No"
"0x908924178040cd9a27c391b2f4bdb434859f14c4","3590","No"
"0x90b64ac62f75718f73e070137e049565e023aa6e","902152.94","No"
"0x910411ebf164f1101fb410a16e34e67308005d22","34522.936","No"
"0x912b342e07059df7e20a8dc45f62ddecfff4302e","819703.082","No"
"0x9183b548bda4bc94cf077466b338f43d3ad29db3","311.526675551578","No"
"0x91c3323a922dc6789cef67ce75e2954fc8b21c4a","2750000","No"
"0x91d77a330351c8b0ff0f8b70fdbfa06bf3a5add0","2641.25634504804","No"
"0x922ab52329ddc56f0d9c2fe8975018b38fe420f6","17000000","No"
"0x923fa707e31fb7fc9be2bd8683df88d4d8ccb48c","315011.659143398","No"
"0x92539c88ac3eadc55cf90a8e0b1aa17766430ec9","1088.83427224","No"
"0x925912d5ac9258e7c7c2f2249f0c5f0658dd5c10","2000","No"
"0x92763204e3593b3bb07aa725a957f2b64f8d4f60","16806.3868926487","No"
"0x92811abb2a757b4289bc49fb058c1ce5cd583663","138000.011121922","No"
"0x929bcef6810480d7def5598710104e730a1109a0","60532.0325518981","No"
"0x92a05d270e527441258d3e9fa2589f3207ccd515","73622.6801707921","No"
"0x930c94be0c62e82da579e1a2710a0f5a561357fc","169.436247705555","No"
"0x934e083eeb125fe3c83a4e0a30189ad65536a994","799.936","No"
"0x9373e1136f9a19855b7742257d48daa9e2d5c01e","30355.0491313599","No"
"0x9378e95abc918c3e45ccf8da7f3b4d3a70ea61c2","10000","No"
"0x93e4c0601d10c8578e18e57950cdf85097387878","1260000","No"
"0x93f12ee06c91e8b9f53eb2388723acbcef199e70","6300.75968695923","No"
"0x93f5af632ce523286e033f0510e9b3c9710f4489","53899.8961944516","No"
"0x942c2249c375ac25aad4ed9a0d108a3587a45740","7552.83460401985","No"
"0x94781879b6c0c50056a0e1c0f0a4e78346419dfa","7999","No"
"0x94aefdf791db4428bd897677a464d1bfb356ea85","8087.936","No"
"0x951b169afc2b7ac70799dbad1cfc8f318506f34c","17286.75","No"
"0x955d83ea3cf86dc37591b9e4666ad84e9a5cc35d","541308.43537339","No"
"0x955e680cdbde372e6f087ad39359a335e2f8136d","199177.66","No"
"0x961ed4ca11eb9b72bcb881a43eb6d84ccd6a3f30","4057.07120266369","No"
"0x96a4034e0cfdc1bec345bbd0730344bfbd3da5c3","7234.083","No"
"0x96b5bc7fcd4df689370744c665cbe30531fe2f8d","200371.762921335","No"
"0x96c404e77773a1146ba531b6e6b5bdc78583c171","183658.995","No"
"0x9744e4daccdf1474421177b015ae8cc979942f50","36939.26","No"
"0x979690bd32044dfde62eab2eba688466ab955250","24817.1017215183","No"
"0x97aff317e32a56fb386d3cfa2818638a9a79ee6c","19045","No"
"0x97b60488997482c29748d6f4edc8665af4a131b5","791","No"
"0x98120fcc57d098d78dd6e52894b1feb6aba616a0","11587.0690788418","No"
"0x9885247667560796c88d385c609619a8de1ac1c4","314.561","No"
"0x98b0328c2349144d52f6c7f1375494b0c26d001b","28351.4751156993","No"
"0x994d4f7ee137078bbff4704f90494a15f35a8692","3267.61339988734","No"
"0x99728c02f81cc6568c26f268a988d25d245675e1","5648.58575841553","No"
"0x99a2d56d2dd3f93382cda68ba2d5f4f0e5f255ea","10825.7782948687","No"
"0x99b1e763c57aad0dddc8b1f02127b5e8669c1ae4","30528.525590096","No"
"0x99df5de881c0eddbe79fba95edcfe38f5e33c1a7","17637.372665485","No"
"0x9a75d93f1eddd752b4246c92340b2e7dacccb67f","4677.96019028821","No"
"0x9a857d68e598787e0dbb8aa3c2b61da709c083de","5220.02670445259","No"
"0x9a865ce88d9dbcc8a25004513297052bb62b023a","59837.604","No"
"0x9a8d34218e5ad4d970f0432f6b4ddff5e5a7ff60","4695.76101137775","No"
"0x9a9ac537c4dd86d534a069bd0e858c127c5aa47c","10615.0047522845","No"
"0x9b24a301ecbf3d1c006e1d76bafda44b0f17b0a4","28385.39","No"
"0x9b2f1e322d133577c1ea8ead8eba2ec727b35bb2","44569.5553527814","No"
"0x9b76f74f6533145c1f7a65a269c8d574f7adc9e1","42030.8183399855","No"
"0x9ba9d4c485f9d90178949614a22d34d95c3f467d","76089.8290788356","No"
"0x9c0900df1ecd97d5ca973eea2377c05579e10130","14825.9797519314","No"
"0x9c4bc3f8b627e110b7339771fe582885ea8b51a5","41927","No"
"0x9c8f005ab27adb94f3d49020a15722db2fcd9f27","12783.5897418925","No"
"0x9ca72e1ffaebc2baf47f5320eded3499403a9af0","174324.15","No"
"0x9cb6247bf9e22da514b1b32acae28c560c73d848","1112","No"
"0x9ce611357a021c20419533fe07c4d328aa311475","19855.119733958","No"
"0x9d282ea6bdb985f49cd865080a357578d4b6292d","3202.50245099739","No"
"0x9d3cd1ebf7de2c9cf20bdeb3b505226b97b3ec65","245925.315419947","No"
"0x9d810070ce5bcf421603cbcd44ad03cf106a1756","3069.12055748587","No"
"0x9dab4f1a72f41ca40876f4465de95a456106dda7","0.656732426290325","No"
"0x9db49649d1d237138e7689d013348a906f20a742","1001929.30612491","No"
"0x9dfbbd38792b4430e8ec1e06b84a399475a8035f","0.99881274","No"
"0x9e4c379d8d4762379c9ec924dc0b297e0cc8e038","72536.3764738489","No"
"0x9f8d39a5f9152916c5a49cc284a8fe87f32c1c90","4529.21794779276","No"
"0x9f90cdcf2105a199d485caa398e9fa956265d479","6438.93751642398","No"
"0x9f966b05ba5e968c939348daf6ed8cc3efb417f6","43500","No"
"0xa054ea125f923a13e18b32dc9ed2390be88cf0c6","14159.4609980914","No"
"0xa088c809f08dcbb1b932fab5d93f28acc9e6702d","26468.0172986193","No"
"0xa0b7a66f7d3a631e7a5abdd60c66c2a1b15e38b7","90022.725","No"
"0xa11bd96e70d88d09cd7939ba3303b30ad2e50570","300","No"
"0xa1a1feebcb0c05932e371afb36b1bc317fe02481","52825.5","No"
"0xa1dc29270c60dd37d64643d20151b7ee1806b776","0.14","No"
"0xa1f1371adef6418368859bc6827c11ffc3f863ad","32991.7016815696","No"
"0xa222d5f9ba59ea83d7df6b7b3e3a5df38e9febe1","35390.6593100085","No"
"0xa2430653916541a2b199b2a68dc468070eae0b7c","53060.936","No"
"0xa2502ccfdb4a1a6c290de057ce7f12a44b60a1eb","25405.9443615621","No"
"0xa275112f658afd95da598604f5622aa1fa6ed5d9","12059.8024196793","No"
"0xa2883a2b6d953f8d41b767ce9d4ecb749ccc0732","1213.42427424707","No"
"0xa2a2775296e1a69a33ded88506c49f94ae38effe","175000","No"
"0xa2e4e2cd0a5819fd241fc669f88539ac778d9499","7112.7712833433","No"
"0xa2edd213cf55fb74a4da4764501d0bc41a66bf3f","7485","No"
"0xa37675790b016acf1bf8618417ebfa7e74f3a0b4","558.669730540121","No"
"0xa3d3ff866092341374273c91b50b8a4ce3bcc8ca","17580.664","No"
"0xa3efdf479c768a2262530e87285afa52662d7548","325042.516","No"
"0xa438a51f7fb28d4c5b9b78563dfab4010eb2ed06","2762.11907097357","No"
"0xa45241d6c944616918e2b91c467e0b2c29b50201","575957.928338183","No"
"0xa47526ac03cdefdde320f5e8d3f2cd3765b1eb73","15186.030069825","No"
"0xa4bd82608192eddf2a587215085786d1630085e8","33861.9084291117","No"
"0xa551c94b5c31361776e5491fdd1fa5389918bdcd","9363.936","No"
"0xa5593847f5965998510b2f50eff7a81201f4ccd3","6845.733","No"
"0xa57f48b0ff4f31e8b07f06c8007557144fcccfec","10793.25","No"
"0xa6122a445f1d226dfd23ef164af0daf0ef4618b2","7014.23560585018","No"
"0xa748eb00dfa767709a2289114afc05e5ac6a918e","15676.2389010049","No"
"0xa78b8a38e88e2e3d9fa247d4063033a9bf5e8e3f","10615.3453662363","No"
"0xa7ac277e158f428ef9dc87296ec35186adcdaba6","17052.6624938332","No"
"0xa7ad98ff3de7d9cb6c0edfd398472cc48e54e42f","39487.5","No"
"0xa7d30f0d3f3c8eb21a5388f5f5b8531685bc68ed","20354.3617636225","No"
"0xa7d7ac8fe7e8693b5599c69cc7d4f6226677845b","125974.455765236","No"
"0xa83c02e8675b662c92bab635de1dd69d265f4344","2044889.57783108","No"
"0xa958ea41b20f327f16bd5d3d59e2d11f3ec4592f","362.83","No"
"0xa976cbc7030519957935ef17d70edff5ea262444","68249.1858335494","No"
"0xa9ddc3383ab709ea54ab5b4f9f89f57e60eb2f4f","7290.42907001487","No"
"0xaa58be2567e2cd5233e636bc0b4edba6fae50fe6","711999.852583923","No"
"0xaa7f629deb505756578aaa5b9e14b282369c29f8","131487.255","No"
"0xaad36b96b2fe8348a75568cd6afa61005754288d","5822.24534198527","No"
"0xab0db59e894d681335fe130c647ee95ec4d85603","49826.561","No"
"0xab2b4e053ceb42b50f39c4c172b79e86a5e217c3","76233.69","No"
"0xab30b645c1431db0ea926529113bfaf9d6c7b3d2","24173.533","No"
"0xab50353f36485864f53b4e9025e7059ded04f70c","30084.5879048246","No"
"0xac8de53bc780e1318e3818c23746976dc1dde9d0","12347.25175118","No"
"0xac999d78265bf59b676ca91b44220744cb511606","967","No"
"0xaca1901ee650cddaa811247611e83e2b4a24d70f","323865.891269","No"
"0xad285fdedfc0d5f944a33e478356524293c7ec68","48105190.0976206","No"
"0xaf17d7d289e229ca73ac55f9427fef64d9d84225","30998.242","No"
"0xaf2dfd0ffb75d1fbe41463fe01b3922af2ec98d3","233056.851401104","No"
"0xaf5d35036824efa94f6aa0fe5e1fab57aa3271d6","1574.332","No"
"0xb08f2db3e3448597f3ee58b73b3f2eb8718a6ca2","401191.13","No"
"0xb0a0782b12a31a98efe4d107c1567d426526c661","26579.0016548187","No"
"0xb0a2852750b15038cf9b5be255a483e3063162d7","13859.465","No"
"0xb0d8e769ffebd9b95fdcea952915aa8cbca87990","1001","No"
"0xb11ad90f2170d7d7bebb046b3811cc7e18e05ad8","11155.2788664276","No"
"0xb18e5f56404f87a623d3e9139913a3c3f1f3fde7","49958.0142863579","No"
"0xb1dbda5d40dc8d3ff2f631bd13f9ed4216b3823f","130078.837339721","No"
"0xb23f23ada32f4f94b1a48e55340979a8b2095359","33086.7158431082","No"
"0xb273fcc3a9240c2f16faf84a10a782cdb62372ec","19007.305","No"
"0xb2907ce49debee7188d99d27a9a12590d699464a","1","No"
"0xb38603b9a66d463d06833283d564a1daf6be4afb","0.620963653586966","No"
"0xb39551d4214237d5344724d6dacadd9f8bfa1a8f","21293.5126432568","No"
"0xb3d5ce35089ab2bb967e81c00dbdc619f07a5322","6693.30377434989","No"
"0xb4a657b4af3dddd4b8eca57b5f28fd0634d98854","7015.892","No"
"0xb54fc16cf9a43167423a1d8395d7e88d8f0fbc3a","2436.08730086079","No"
"0xb59cc943ff7c1ef0526c7ca153251d3e69c9c374","6932","No"
"0xb6a34bd460f02241e80e031023ec20ce6fc310ae","2019630.985","No"
"0xb6b50fc0dd38a890715a36a8dda59ef274666987","0.741930266506649","No"
"0xb6e8b596d027da3c33d9c15eaf0522ef303ed508","6823.83559074919","No"
"0xb764a61dc5886e579337dffa297db3a08585ebdb","56180.213251988","No"
"0xb77a727ff73f5088e27644d8567269ae5b750d6a","32854.4665239668","No"
"0xb7834718a9747f300e42c4ef94b86ca21e632b84","18.152557205057","No"
"0xb7d0596e636dbec773075372868b14d5a224c0fd","128274.060462284","No"
"0xb88e6ba91212ac639ee0e734cac532ade4fe8dbf","1359811.7152","No"
"0xb8a670ae62c10363523402e29848477d60dc5388","261495","No"
"0xb8b7fbd673700f46215d2bf60baf20621b4412f4","7604.54459092032","No"
"0xb9805b28e758bba291bf72db9d14c6d33bf74a3f","70965","No"
"0xb994b03d0214c77dd8cb10eb8c8846e5fe8b65d2","17889.9631775952","No"
"0xb9a242145ba874896ebee6cc14c36dbeb9231430","1432.13410756","No"
"0xba75553964f57e612d487e7dc6770b7ed2cf0e09","54760.7560747688","No"
"0xba95274efdb07a3d851dbc3b01edc4fa24bccb4f","772078.952","No"
"0xbaad5a43c715813361c9eacfd96f2bb259b06585","14629.7386142683","No"
"0xbae304b1a1b5ed66b0c61291ae012e171dba067e","34491.1928820991","No"
"0xbaed3539203823f43cf5160e4fa5775dea2a5a6f","310501","No"
"0xbaf41f63c5b34e8d39b4ea7c5586b3b531574f18","11129.936","No"
"0xbb3f04ea632297eb75878010c564a0d80fec2af1","12861.9186389026","No"
"0xbbec52a7127a699820072e44038286e0dcfa9f3a","240481.753985622","No"
"0xbc2767b8aaca07446d7b633135980954a4e0e7d2","186300","No"
"0xbc80dbfc07d18208690f49dedb759d451b369c60","333956.540483203","No"
"0xbca8b072de18860a00c72782b3ead19ee13a9fcd","331279","No"
"0xbcfb82adba37191bdedfc3b46818a9d95f613124","9723.92775812504","No"
"0xbd8eb8842c1f7738c35e07fa488a2d2b365caca7","12677.0742166353","No"
"0xbdaaa11b2945d1a76e0328cd7ce7d7af13ac001f","18612.0565237464","No"
"0xbdca0feb9f3695aaf4a6582b3a35873d52135a5d","6155.936","No"
"0xbe51c2398d110274c36849bf83a32c0ed7f55fd3","507859.547346573","No"
"0xbe5777ecdfafb77556b2bc13a78db37625d0336f","323226.566592413","No"
"0xbe71f9b66afbcc223e8a4418e35ad0268e0ad6c4","3459.24134751166","No"
"0xbea03321d9084b980f07cad9f8a3a90fba267d7c","25836.8915286349","No"
"0xbeb98f09e9012bd2bc37f93baae7c2dffc56c6e8","55969.3","No"
"0xbf2e23c09e2b627a69846f9138103311d0c9868a","5000","No"
"0xbf2fed76a7710f9e4e48d66b2a279ae7c609445e","79195.8203087634","No"
"0xbf73c5d331dec862493befcedd7bb6493e19d9a2","59983.9964863354","No"
"0xbfbba1515bb284cf4cccd91ea6a4b1c3b35ad821","4321.0144951773","No"
"0xc007d82096a2453ba04af02a19e031adabfad626","7333.71825832875","No"
"0xc03bedeee29d3511aeebadeea0f8cb96ede92b87","23537.0152316115","No"
"0xc0972908a7f4f35a1674caaef28c5040549594f7","230000","No"
"0xc0c74bd1e886244eb36032274e399a1ddba62904","36226.42","No"
"0xc0d1053bffbf73ed50f840a9a8d9cec9bce5fcfc","77333.6199364282","No"
"0xc13ca46a9c895b6afd8a44a1a8238a242dbd176d","41375.5605581782","No"
"0xc149c7b7022c0af27e84cf76b35c6547d512f4ab","11818.733","No"
"0xc160c66458690499b28990cf4ee902fbdfd0ff09","23599.291","No"
"0xc1b1c1e833bfdaab0de39aefbf516f99fb34eac2","1428636.69","No"
"0xc20f93173e270ecf5f05c72596b4b7bfc020788c","75178.8650953003","No"
"0xc2c13ac75e591f1ca55ef4eb6c771ac5a8b8ed27","26634.2343477418","No"
"0xc2d5d871632fe18b26ac9245efb4a7d61b271225","5044.319","No"
"0xc321c4ea67a6b9760230292177fc4ca35d426b36","41033.8192085512","No"
"0xc35a09f4ee109a4d341c8486394e6bb031b09a45","1349710.642","No"
"0xc419f599659e6e600b7c1beef54b07ba290813b8","15787.9817109377","No"
"0xc45aaca1ba883b5459f242a3290acc2586a4bbe8","7997.67052192386","No"
"0xc4b10c5cf51752533b1fa609cf0682cab4ef75cf","57218.5313959764","No"
"0xc5186239113133677ea2cb4b36b079f01c8ae281","66418.4052501427","No"
"0xc5eda2f305574114bcb4bc603ebd489fc88a939b","22500","No"
"0xc708bcd450fdecc898736a61936130a065af8ed5","8723.91098128609","No"
"0xc70d758bbc91988a678b187c30dd4869277efbac","1717.1413949912","No"
"0xc79156c36abec72e66392cab2b3897edc9f1b487","11121.7111524926","No"
"0xc79748fd4a362d9adce5be31404662928f943769","16686.6979433043","No"
"0xc80c0c80f815db5392a6f5a0034a4e3f0fe29f99","2485.69461870839","No"
"0xc86cea81d3c320086ce20efdec2e65d039136451","41173.8973682215","No"
"0xc8ad3f61475c6b112bfbf492eaebbbe8399e38cf","1000","No"
"0xc8d580c86bbc3a2dd4e6898bb4ff428a2c70f2d2","3585368.35","No"
"0xca11d10ceb098f597a0cab28117fc3465991a63c","4185.96258266331","No"
"0xca386a9a28bca3fcdf19a1e0f9152ff4938a7b84","259555.34698306","No"
"0xcac5ace51139e728b92743da079258f49a10ffa3","47752.4635084376","No"
"0xcb11bd53ce375374c35e07e20d26951b94cdc72f","70443","No"
"0xcb30c79d546801a423d6497be2ad4f50f8bf1d81","20672.0784115576","No"
"0xcb3451a1b601270bc86696f4bd242ab778370f5a","625750","No"
"0xcb3772ba87f46703f40103dfffeaab592a963e92","60000.548","No"
"0xcb45062b981ef302b7845a74b49bfba95c548294","3547.90730026293","No"
"0xcb8f20d4341b4054d02e6b40f905c7efecd28aa4","7711.02863753738","No"
"0xcba3a81213fec825a8168fcb9aa59436227fd36d","2026.127","No"
"0xcbb821fe5488b957c9a327b294932e5a64e3fbd0","0.716861228800298","No"
"0xcbca6443a9d549d739314fbdb341afec1863fe7b","10000","No"
"0xcc0308646c2a697f3f20fcdd4109e60ff555a424","0.123140771611578","No"
"0xcc360d068549960394baa649fb5cc114ed273a03","17989.0037705131","No"
"0xcc5c09b9a20cb57485288f74809ef16b3b29e2da","14979.2369010922","No"
"0xcc6fb5c8cebf4fe016efde7606f7a78fc3dbfe69","500230","No"
"0xcca6e9625c77b846afad1d06492d81e0818c4aef","100","No"
"0xccd3134eddc6bce058c452d24a4011cd8c094ca9","14103.9613922212","No"
"0xccdaecf96a2d5162ea47827fe44c2849eadaa3df","6188.01809074976","No"
"0xcce8d59affdd93be338fc77fa0a298c2cb65da59","557037.5823701","No"
"0xcd247f9ff4541457ae4cd30077a734f3ff360f55","5283.9551992799","No"
"0xcd464ef9bc58b581a36902736cfd9db366ef9ca6","2.05701115E-10","No"
"0xcd6158529bf08b596e145daef4f5cddb668215d7","10542.564187267","No"
"0xcd63f617a25acb235671a574d665c14b929b3b0c","48937.213","No"
"0xce08958266f58b638527b224d8b7141a3ff9c77e","25717.6893178606","No"
"0xce0a90893d41f4e7a634af6f115ff9c4ad24550a","99046.883","No"
"0xce7327549fe423dd905afa27ce04d88c0f9a34da","3722.86617110523","No"
"0xce9f38341e5034661d8ad1ccf87c059707998b08","1300750.53190601","No"
"0xcea46c32a2c8b4612ab53dee4e66d71a2da86171","1000","No"
"0xcf3132118216396c0e1e887e27b5e5a7ae924e03","9729.99884314139","No"
"0xcf41cd6c06bb1e78e6d0dec4c696b9a483d41561","60000.0004403447","No"
"0xcfec6f9fa7aa099adabb0bcfb5e4c701795bf5e2","1500","No"
"0xd03d79f0f72442479bbdefccda3e04b6be047e13","10000.900028273","No"
"0xd0570ba7327f901bb9a7714b14321f38650fdf45","45140.2103418784","No"
"0xd0f43d1e12fa9cd6150df6908e042b8a46256a33","4058.71594711507","No"
"0xd119f9826dbc8833dd3ced52ea7ee506eb3cd250","5384.04125346481","No"
"0xd137e26d06157bf1f6c9a21521ff7f9386c27597","155579.338526197","No"
"0xd1abdf20196951fc2d2e74560418c240f82770e8","48107.8068146478","No"
"0xd1b006774620f3901010ddefcc8b32ae3384c791","29129.6369371371","No"
"0xd1fe8d9a03f2d77c32ee6c03ce56d8b713862555","400551.51649566","No"
"0xd22fcfacc9c8d16d5842028e6a37da42b6cba133","27164.428363032","No"
"0xd242c36e141db9329c686691fbabaaef68d3c506","294915.265","No"
"0xd28e796a19e04fb7caa5a83e536a5fc462df7893","2720.06856281421","No"
"0xd298ee56c81782005321e34a65394cf5785a4f9a","300528.845497624","No"
"0xd2d3ceac9dc87c710c5cbbe64e68e72d055a4215","1000","No"
"0xd3092810bfc5cc9393068840450c1dbcd42038ae","10165.5380536842","No"
"0xd369571683ee67d766a6f52f6a1de3de73520bd0","7832.44206584414","No"
"0xd3f93198820a323e898cf764d466dfebd851f2f6","44676","No"
"0xd420208af83aa561fff2974714c4456e43ef1282","4225","No"
"0xd532cd2db04b01926979632fc373da4c4a09525b","17014.0524255319","No"
"0xd550ac5225eddc5ae90730bc2ef7d334cd9bd4b4","4512.45073715784","No"
"0xd5789f2c445334388ddfced4ab2fb9bda936677b","1500","No"
"0xd58cd1600e559f26b12d0f7ac1913c015b4c73d8","543042.10121925","No"
"0xd5fdae1d1fc3753ff7ec02d0aa0bc5afde699ce2","20200.258","No"
"0xd60391f4a658183bc53dd115c4b6abf1b6cbb4e7","15750","No"
"0xd60716c461e94e37ee2727da7156c785a5876392","31951.6329076828","No"
"0xd6217860307386428315cfe57449a0bcad5383cd","36725.9243038202","No"
"0xd66768ef27035d9cab9ef7be8939ec61eb81129f","1111","No"
"0xd6c8b3999e114c1a801ac62021e42c5ca30edcfa","45451.4261797946","No"
"0xd743214129aa7e01b74a3d94a79aeaede82ae601","2001951.353","No"
"0xd743c685e5f426423f537ce478240038b990cc23","23561","No"
"0xd762415769d3469ff400fe98ed027b6fc41c3916","100000","No"
"0xd793fa5a4782f244121a60c1f3b946a72dae1b36","3531.18078442662","No"
"0xd7a845ad2620d01a49f1bdab6dc3f8b03d7eabf5","14706.462","No"
"0xd7ffc5d496cb0c819db5c68f310bcc8915f68c9a","2390.2944553955","No"
"0xd82ca7d209d099b2ed8fca7efb15d7d8a1542597","2162.07214655904","No"
"0xd83f3cf22b608d29d5738cf249f5ab5fab4d6845","16372.936","No"
"0xd84049cc831582236d8b2184c25b1ceea51d06fa","2349467.739","No"
"0xd8982b62852d40716618ff3c734616befd294150","30857.0523882991","No"
"0xd8cf547b2cb2299617c25dd253adab2f68fc0ab3","85785.880062263","No"
"0xd995f2deb70f894d0fff5aa76dadfa837aa621ea","294570","No"
"0xda0aa8ef337d141d0739b965b3eddda252972226","31132.526877125","No"
"0xda13d4e40d9c976c8a11016a8324e4a2258877e3","17339.5355279985","No"
"0xda1b7458ca65f16997f2e6be5ae5d448c5471588","3465.908","No"
"0xda42b928d2bcd5e80e02b48701cb5b87e8f19ae9","1853.64","No"
"0xdacb6d4c7c827ffb99342f0352f84281e6c82108","0.612963246106635","No"
"0xdad2b83bf1904782d9175bee743395e676feb690","1000","No"
"0xdb43e78e19a2961a54a9296f6cf8f94846f36068","99613.6997157487","No"
"0xdbb210242ef359bb11989caff86688a743b98803","10285.957009192","No"
"0xdbb7b17ef3389b0bc1f36bd052c97862b78fb03e","15025.1234857297","No"
"0xdbcfd45a6c6476be3713003b5d4912e0273abcb9","2092.50134472858","No"
"0xdbf5f35f68fcfa65ee76643ceca2a5ae409b8689","2311.11526514483","No"
"0xdcf753715a75407d3931a131ef7948f65c051dd7","17538.1320431612","No"
"0xdd3b8f360732b3346542e130476337301955554b","5120.242","No"
"0xdd54952476b0fd9207e3073cab06084ebb17b1a2","30991.4449652298","No"
"0xddcb9a50d13dae5f4490bf74caa58ae3307119ac","300000","No"
"0xddd96d84e9f9fee0b0bdce3705a4044d92832b94","2","No"
"0xddee45a2ecae02e4a0bb53fc00afa3e4118c8f4c","1932.002","No"
"0xde62acbccfcba0fc39aab961920fc0aa692adda5","9242.28531380111","No"
"0xde6deacb5fae8a94204498efeaaa564f9dfc938e","5000","No"
"0xde98e037017f9d2e63f933611f9987cf005e6bc8","20912.274","No"
"0xdebdcb2e8683861e8f26e36a0fd32a8141524c47","779000","No"
"0xdef8385f977d817f85db6f666f661c509bbd1c6f","0.363785328283509","No"
"0xdf85155343fda3d2f7ed769e73463ca5c9bdc057","3500000","No"
"0xdfc38c6f9a9c8d7a29ba2b6c61acd5512395682b","128084.795","No"
"0xdfd9df5865192f4dceeee205fbfcc4fbc83bf0c0","39792.799","No"
"0xdff039a95df91130940159c6bcd03361759e82f5","400000","No"
"0xdff41a727313ad8ddb0e5b1786bceace5604953d","15270.706827009","No"
"0xe02c6c870949a12f74541a225704494920b4c4d7","40603.1386799289","No"
"0xe0344cc1445058c7d1d1daf81bb94c5164c6e705","303943.488","No"
"0xe0e2c4c95149eb6a84b3426c8676f7cf7fa37a35","230300","No"
"0xe1204d5acfae48112e41229edd745278433c2b96","1625","No"
"0xe129a2019e212e6ab6786c0dfc484e0cc3e59b5d","2913.42090303771","No"
"0xe133be2ba26f8124af9e61d040a589bf357c9366","1284.46815617032","No"
"0xe1441c61bfa1f10d9ce1dc453b1ec7d57516d349","15878.5194631731","No"
"0xe14f5e268e4eee077fa89d00263b89ffd2f2eda2","3336.45545718052","No"
"0xe1e67383ccda6a0e948c1e40dd31b6b32a4b126c","18789.3971949647","No"
"0xe1f71f261266eedde51b846b1ec1cd648e611eac","25413.2483269573","No"
"0xe220193ae9513c71481261a5720a6761c1f8bd22","5474.09612742742","No"
"0xe25b7a42a6c75c05bcff9fdfdf2a7b97a0338ec1","302268.664","No"
"0xe267d02ce77af8607b7b4ff43aa70653a45a91f2","18037.669","No"
"0xe39b464266185290249346e04646ed83b6cf109d","4645.37975812303","No"
"0xe3b8ccfa6fe0874b5577591f69ce835694103fc0","10232.0570584141","No"
"0xe40b27d01c15928e4c70c565c612122b15999e85","26916.5153350705","No"
"0xe4c60cec2bae3cb69baf74a632ba61ff826011ae","6326.892","No"
"0xe4cf791a7a42a5b9bf8edc5a8c98fe8733af2dea","855.855","No"
"0xe5140da7378664caf9ff8e58d45f2b13baca6db2","33653.936","No"
"0xe5a1209430d9486c6312c2d998e1bbd972f677af","23738.6304603253","No"
"0xe632a1c4858563e0e1a2a5990750ad8da900cf27","196524.2167377","No"
"0xe688ff1af449bf456df25969910843faff67c717","49076.34","No"
"0xe69669ab1e16588aae047d7540778935c69abb43","25106.16","No"
"0xe69efb645616cc108c9586e4a895daac4f700885","8748.09171262491","No"
"0xe6c08004dd3f30e937dde3da62cc5db19670b63d","5999.91667195471","No"
"0xe6c67fb2661f0ac632caf72845c6a803dfaf8ce2","39795.992648311","No"
"0xe6d708037ce28ebc17faf6d9a79ca0a6f1ed1b2a","6554.05448645371","No"
"0xe714fbce6d2b983895b07368cf289801bed3a36b","350630","No"
"0xe739fd83eb9962f040938c0bb1d0b78ef71b1304","20989.8621669393","No"
"0xe75d8f44fea7e19cb578b4bb2f6b073896a763b4","22037.8422181862","No"
"0xe78c1459404c15fad0c24c1176d8813942e7f2ed","3406.76536119346","No"
"0xe7a463e2c1661700b0d303c3f7784e39dd9bb23c","12331.4766885757","No"
"0xe7ae04fa0b134a2f863c5475c2776102ab9ef476","32959.9686423155","No"
"0xe7b8f9d932022eec493590fb1cdf384afd9dab51","13859.1401319026","No"
"0xe83d83b2aa553fde79a740507cc86c810ae8699c","6648.26668909623","No"
"0xe863b69a725c603f0062c0c9c704b4fb691e0823","14709.6792024172","No"
"0xe86ed470cb7e4117a4da46ebd0fb64a4525f1c84","11927.6358635616","No"
"0xe8859aa8e2ad8708cc92b6d429eeab990262d8b7","1000","No"
"0xe8d8f49ac891f12b827063412b2e82f79f68f78c","73400.7751623689","No"
"0xe901d25b225bdaecf5aeacb80ec135c55e7b16ae","11375.3219566019","No"
"0xe98810c045b720d0e6b56c378e51235de41f36e1","10000","No"
"0xe9dde5ddc326d38de89d1bd70424b3ebf59a5db8","7500","No"
"0xea139cf59e7b3362f92279c9c1e5a92342dfbffa","1269851.41673121","No"
"0xea246f820fa624b0658a2010631f7b27653c50e4","81689","No"
"0xea74e048ccecd7ade98491fe9683a686bee73aec","13570.4196717363","No"
"0xeaac15adceab15f338f0c3697a269928cef2a4b7","6426.67782129575","No"
"0xeab3349b0dc02d76dabbcb61144a7c4331b16765","1640","No"
"0xeaf2bd5e268fe9c34cbc028baf8c3d3b89b8db76","152859","No"
"0xeafdaae9156549b9112eec8ed2d2906d121f70fa","3747.198","No"
"0xeb1e1c73da0be950c4c7b8941df19ad5226a2bc3","11845.9471312842","No"
"0xeb5f30a15f8b24021450b8db1a62dbb4676113f5","2000","No"
"0xeb751c9d44cf3aad37bef22beed736631df8853e","29754.3321992403","No"
"0xebbade41eb8651675554c20060d7ad1166030929","4000","No"
"0xebe09b68af4c5b4793d83ca7320bd5fa74cec749","100000.612232704","No"
"0xebff6728443041b522c2b35fd456b0c4ffef67dc","85000","No"
"0xec5f1a1d7ea81e5f08b7ae00e6f56f161f6ab869","20000.071","No"
"0xec6c4afc6f70d2b0737a2bf87cff36d583afb39d","0.007","No"
"0xec79575717a446608c7395ba7140083d03cdee5c","1000.66457327159","No"
"0xece23a65d172653541c5c7d40d59fcf07236ebf2","2945.415","No"
"0xed1a48ced6b39b3ecd82ea42c4a28fbaa0341c6c","95836.16","No"
"0xed25b12116062500098f361597d72f3bb27cca61","14000","No"
"0xeddf15fd842ae0eadc797be05d073a2d9dc60e9b","2263.04832713755","No"
"0xee23b19e3fecbd22508042bdd1a533b9cff012d0","5000","No"
"0xee293e5123146994edd5a4e39090a15ceda64d90","19303.7257191545","No"
"0xee2dd2edfc8a9027f11f59d1e6a0ad142605edfa","2363.936","No"
"0xee84767bf0089b1b86b6221cf90420af4af8e2b0","35745.6737770629","No"
"0xee947d64256223cdce75dcdb45e171086aed65a3","5","No"
"0xeed7541d628b977b204f36b3366d5cb089bfdc36","37881.285","No"
"0xef6ba13959c565fccd868e17d82d945a487b5530","8","No"
"0xefd0199657b444856e3259ed8e3c39ee43cf51dc","57932.5466871969","No"
"0xefd8dffbfcd1bec517b727351f4c0f49c4e1cc4e","1","No"
"0xefef59c9e68b8b498a9480ce4dc91dee4e7967dd","2395.67918148732","No"
"0xf03043168af94aba6ab048602925b8a6fe20d656","12860.9","No"
"0xf05934bdc3adfe2c990a52f994bd1f10dfa3be2e","158626.35058384","No"
"0xf0c3758515756df76364e65efb61654ac4950062","996.569823508962","No"
"0xf132937cff0f7c6aa080ad0d14c53b1a0dcf150c","18111.5209856421","No"
"0xf14645d19e1f68ea934333cb6323e6db453d8c15","18421.605","No"
"0xf199c0b4643d8ffc0f34e237b7b49cd7888ab3ba","11535","No"
"0xf19d85215dd2968bc4540583a2ec99786a1ec648","2000","No"
"0xf1b6ee8bc3bc97628393425779d0bd87bd0e3959","1648000","No"
"0xf1c6863fb7f40d95bb7f7de22086ca10ef25ae5e","9834.669","No"
"0xf1eda01a485e72d809a8803f980465cf6b58d143","25296.765368225","No"
"0xf1f35c1b0a3b8534f028171e267236476bc7df97","36925.6068610067","No"
"0xf1f5b151c967a67ef2f04103fd7c20b508c3b8b2","9944.62183715699","No"
"0xf20c9b765c48a7481af40319779aeecef9ee456f","1885","No"
"0xf2d7209c611f688396b0f2b73eded02422ae99b0","3638.809","No"
"0xf2daf67eacaf10784001ccd9cb26587ff820f243","30938.598","No"
"0xf373b4a25fc2ccf1a54d7ce6b8326d5d15d99080","1","No"
"0xf3fd4a6b4a31780bef9d401c1eeddcce3cde3801","14359.6441758573","No"
"0xf45bc3747059212312e2bed6bede2ea8d97a56c8","8826","No"
"0xf45ff21fd96e6fbe8699f8780e83dab4d1660c5b","0.603950303024709","No"
"0xf47e38e8824af6592ea5ebffa3e3068c9ac849ef","4439.5765515325","No"
"0xf4a5a556bd63c0877345eed77c73c2791d0ecac9","5000303.8863653","No"
"0xf4cc7914bf1a8a904e25068239db12245c740dd0","45333.8075666084","No"
"0xf4daeace38a13690d6544e3cc89908b092691833","26506.1049683563","No"
"0xf5d57b5e15f52188559860f433ba6d70856ee74d","92388.961","No"
"0xf5f07cd696ae72fab810a5e52afa0b83b2358485","2868.07485664132","No"
"0xf6210eb2227060d873bea260298e6f2cf10a8316","1034.93010634031","No"
"0xf63eb42f4797879ce835249948c163cf8c570e18","37655.476","No"
"0xf6b5d14f8ed73e692361508c77d53b287ef5bf9e","105.320238783807","No"
"0xf6fec7043e07aac17984f7451438433b51ffb96c","20880.42","No"
"0xf7040f80995d99398c400beb9ca41caaab8e32be","7441","No"
"0xf71afe21cd32959113fc47ae2ef886b43a9413d5","14801148.564","No"
"0xf720514a60507314b42caf2adff7317cbfda5e93","21773.827053866","No"
"0xf778405fc2a294c17f5985d464803e30a42bf96f","16454.8896045289","No"
"0xf7bf7ee7a274ac7e0325f2ed574c8a565375ac5f","21633.0131556446","No"
"0xf7d9ae859605499cd1340a9735487304efcb299f","40947.5611814692","No"
"0xf84750ae307d6692daf2c9819dc8b2016f2889a3","6158.32177969185","No"
"0xf857e3b0bac9f03f52844f7d7b02d64df224dfcd","1191.40966910064","No"
"0xf89e8e1de29b84fc4242641050dd8d8494ccd635","1928.2752168111","No"
"0xf8aa5a340a21b5e9d428b43bdbd81e646a89e9c2","3517.85028603291","No"
"0xf8e90bbb01f34e6cb0ed4644a9affe4087ed834f","10000","No"
"0xf9456e9842bccc6dc0d3b2dde5500024484cd4d3","20937","No"
"0xf9799a81627a3ce102a6aaad7cf1c34c2c1e96b8","32371","No"
"0xf9f4b5092482518644966d7fd0ca82012e32ee8d","50011.037700173","No"
"0xfa352664c596a47913f00c9166216408d28a4ac1","200254","No"
"0xfb16b2e268df7054e21fa43497269196035c9421","38395.3634694029","No"
"0xfb1ce46075409bd826f021db3bf071d3e1dd3840","54386.585","No"
"0xfb49bb129eff637c7ff620953397c185f55d78ab","73004.774606267","No"
"0xfbdb338616788341c9c979dc9f02e284bc17e2e0","2366.05337703354","No"
"0xfc4cd6d7d7296f11a38f147982d15341ef94ab56","3310.96573885","No"
"0xfc8b8ebe2d996afb163773d00636cd68702d2e0c","70000","No"
"0xfc91cd2edc8615128bfaa48d2d56974fa8ccfa38","2500","No"
"0xfd15b2cb586ce08bfb11a92cc166ffcef656e117","40615.476","No"
"0xfd20034b774779c2d3656590d3566db542c725de","1000000","No"
"0xfd845563d38de1f9f4e6b632ca28e64a4a676c57","7490.16742807095","No"
"0xfd90859635b255b88edfd01b170765867625b0c1","179529.62","No"
"0xfde05daac511c4034d7dcee333b44943914fd101","12327.5817509013","No"
"0xfecd16177770137f7885141c4d95e07533999d8d","1817.90710754518","No"
"0xfeedfe9c2acb949ef80b0fa714e282d66bd2f955","1111","No"
"0xff53a5cc286d8e3c1ada985f7d77f1888f829b70","53332","No"
"0xffd1d062f50327956b3dd63dad25f30c67dcd703","0.000477627698741918","No"
"0xffd739b4f78ddc7fc3dc6e1120b23f1834acc570","30750.0560642569","No"
